maxr,maxl,dif_max,meanl,meanr,meanm,rm,hl,hr,dif_meanlm,dif_meanrm,dif_meanrl,x_dif_max,mid_hist,label
6.652817375720305,6.59728467642381,0.0555326992964957,1.8199349234270077,2.1590877302023594,6.40847349881572,0.9916527545909852,-0.0083472454090148,0.0,4.5885385753887125,4.249385768613361,0.339152806775352,0.0133581161499023,0.0111065398592993,0
2.141525245232104,2.653459199840509,0.5119339546084047,0.7760070564358578,0.6326185024163559,0.0234473566996215,0.8070692194403534,0.9911634756995582,0.7982326951399116,0.7525596997362362,0.6091711457167343,0.1433885540195019,0.8637042045593262,0.0117236783498107,1
0.9230773564628516,1.6644539695721097,0.7413766131092582,0.5777704160919392,0.47830220331724,0.1567752780334418,0.5545826879791407,0.8978863622133645,0.4524690501925053,0.4209951380584973,0.3215269252837981,0.0994682127746992,0.4809731245040893,0.0029304043062312,0
0.8620350505287866,1.123571651161416,0.2615366006326294,0.5140446089224514,0.447985618563891,0.2161740952808671,0.767227483567885,0.8099746170729697,0.5772021006408545,0.2978705136415843,0.2318115232830239,0.0660589903585603,0.7226830720901489,0.0026688162735425,0
13.900568958376557,11.137329908987589,2.7632390493889663,2.0622615250852583,5.430647642672515,11.316624045780005,0.8012139605462822,-0.0257966616084978,0.1729893778452199,9.254362520694745,5.885976403107488,3.3683861175872565,0.0193421840667724,0.0210937853675979,0
13.507786365436116,12.525054892106157,0.9827314733299612,3.437869037902235,4.224400358776228,12.054632042624576,0.9272470376164236,0.0696521009075627,0.1424050632911392,8.61676300472234,7.830231683848347,0.7865313208739932,0.0156183838844299,0.0213730796921457,0
1.1475080365273354,6.8668338058858,5.7193257693584645,2.832598754500897,0.5033815768763238,1.065543176775383,0.1671087533156499,0.8594164456233422,0.026525198938992,1.767055577725514,0.5621615998990589,2.329217177624573,0.2280686497688293,0.0273216199173175,0
2.353780470693372,2.79736218927905,0.4435817185856781,0.7926186176877346,0.6478015712630766,0.0319692376814036,0.8414285714285714,0.9942857142857142,0.8357142857142856,0.7606493800063309,0.6158323335816729,0.1448170464246579,0.8631740808486938,0.00399623169897,1
1.9673620753632677,1.468136563747063,0.4992255116162045,0.5057810813516985,0.5548143728817474,1.527216505950164,0.7462462462462462,-0.0915915915915916,0.1621621621621621,1.0214354245984656,0.9724021330684168,0.0490332915300488,0.0878925323486328,0.0147699855507752,0
1.0213892511421332,1.0548774233107276,0.0334881721685944,0.513679311522032,0.490147951392458,1.0074444566582057,0.9682539682539684,0.0899307646639246,0.0581847329178929,0.4937651451361735,0.5172965052657474,0.0235313601295739,0.0265815258026123,0.0083721181337976,0
10.126645974074645,5.516561617590536,4.6100843564841085,1.4244640773420787,3.183769545843966,0.0517987006346529,0.5447570332480819,0.5383631713554988,0.9936061381074168,1.3726653767074255,3.131970845209313,1.7593054685018872,0.2520506978034973,0.0129496751586632,1
6.102799448353417,10.404272590487375,4.301473142133959,2.85905389248908,1.58038746478503,0.0367643951053004,0.5865666624241666,0.9964663963011166,0.583033058725283,2.822289497383779,1.5436230696797295,1.2786664277040494,0.2814763188362121,0.0367642141006621,0
3.468846475147487,4.553341714606014,1.0844952394585272,1.8346710148739855,0.9537381768737055,0.3153477306942568,0.7618243243243242,0.9307432432432432,0.6925675675675675,1.519323284179729,0.6383904461794488,0.8809328380002801,0.3906083703041076,0.0076914318321347,0
0.9846505653650371,1.7690953015618578,0.7844447361968205,0.6279434061829635,0.3684111667220223,0.2372504388570771,0.5565842408239577,0.8868207077157607,0.4434049485397185,0.3906929673258863,0.1311607278649451,0.2595322394609412,0.4868285655975342,0.0054855668265483,0
1.2011452105564733,1.111549297414732,0.0895959131417414,0.514831677035392,0.4922685795892531,1.0681512769867003,0.9254079254079256,0.0722610722610724,0.1468531468531469,0.5533195999513085,0.5758826973974474,0.0225630974461388,0.0397417545318603,0.0083996168570382,0
8.487190074953578,2.9319383895294178,5.55525168542416,1.4104673682165108,2.837600011236793,2.32062330021458,0.3454545454545454,0.0685314685314685,0.7230769230769231,0.910155931998069,0.5169767110222132,1.4271326430202822,0.1874811500310897,0.0118701959090259,0
3.977095158204066,7.822020990908904,3.8449258327048383,2.6457307080450825,1.710966469415388,2.3009570831863466,0.5084485407066052,0.7542218975197201,0.2626704382263252,0.3447736248587358,0.5899906137709587,0.9347642386296946,0.2222578972578048,0.01201543672777,0
2.697326857682985,4.323568471833845,1.6262416141508598,1.7025049076171377,1.1158679341923807,2.024962448833573,0.6238658819109465,0.511754068716094,0.1356199506270405,0.3224575412164354,0.9090945146411922,0.5866369734247567,0.151808887720108,0.0156367756666685,0
1.1818879733648149,1.0235401457142588,0.1583478276505561,0.419582547885051,0.6290912835836314,1.0308623092977554,0.8660212886338605,-0.0123906220361148,0.1215880893300246,0.6112797614127043,0.4017710257141239,0.2095087356985804,0.1644120216369629,0.0029327521431451,0
11.81557919747379,4.707093892464177,7.108485305009613,1.1861845914503923,3.058573784250765,4.892271444071271,0.3983802921375677,-0.0313446422747833,0.570275065587649,3.706086852620878,1.8336976598205053,1.8723891928003729,0.0465691536664962,0.0119469459810582,0
5.8897870517818,4.641927541157505,1.247859510624295,1.811551979592495,2.6628126227789948,4.473482034878893,0.788131642170868,0.0508472027207011,0.2627155605498331,2.6619300552863985,1.8106694120998983,0.8512606431864997,0.1010615676641464,0.0124783467587786,0
3.523202640712616,3.064979432931823,0.4582232077807928,1.2591675895032737,1.4365856397059735,2.294978472452627,0.8699412851007312,0.1918988128898672,0.3219575277891359,1.0358108829493538,0.8583928327466537,0.1774180502027,0.232057124376297,0.0075121988244701,0
13.552863996591448,4.248117127344135,9.304746869247314,1.2374546298327858,3.625049997661863,4.392004965528372,0.3134479271991911,-0.0212335692618806,0.6653185035389282,3.1545503356955864,0.7669549678665093,2.3875953678290767,0.0487193465232849,0.0822216642569315,0
6.231999791544557,4.934807464362553,1.297192327182004,2.086074350870504,2.696981701349129,4.981614581233201,0.791849747982661,-0.0150215399346304,0.1931287120827086,2.8955402303626965,2.284632879884071,0.6109073504786253,0.0693362057209014,0.1203611576673793,0
3.4882359799663387,3.5426182780949897,0.054382298128651,1.4192584903051153,1.3746893645907117,2.1752919251460465,0.9846491228070176,0.3749999999999999,0.3596491228070175,0.7560334348409312,0.8006025605553349,0.0445691257144036,0.1861957907676696,0.0077688860932129,0
13.362349984208558,12.825781293568305,0.5365686906402551,3.0210150110765084,4.355968711059971,12.537098113327216,0.959844736047599,0.0432084447095381,0.0833637086619391,9.516083102250708,8.181129402267246,1.3349536999834624,0.0143899917602539,0.0206202271600776,0
8.453672489418176,7.528394903511709,0.9252775859064668,1.876267559058968,3.1299203018506185,7.289986395435703,0.8905472636815921,0.0564035354751281,0.165856271793536,5.413718836376734,4.160066093585084,1.2536527427916504,0.0158742070198059,0.0140191994421137,0
8.836899891784567,8.026982701243837,0.8099171905407303,1.97538509304878,2.780414821035816,8.15323491260446,0.9083482668742588,-0.0285738693222037,0.0630778638035374,6.17784981955568,5.372820091568645,0.8050297279870355,0.0251188278198242,0.0132891388381844,0
6.969050402350328,5.745643435166571,1.2234069671837569,1.3290220282187282,2.5489480217237688,5.811387116981886,0.8244514106583072,-0.0486199929848712,0.1269285963568215,4.482365088763158,3.262439095258117,1.2199259935050406,0.0441415309906005,0.0109236599943268,0
2.12259494451102,2.652304479335894,0.5297095348248742,0.8627283912804571,0.4975090695577268,0.0018784026057619,0.8002832861189801,0.9985835694050992,0.7988668555240793,0.8608499886746951,0.4956306669519649,0.3652193217227302,0.8885610103607178,0.0037568052115239,1
1.6294826799036026,1.3146962531040431,0.3147864267995595,0.6983114748998172,0.4185517205689272,0.1666516377174139,0.8068181818181819,0.7215909090909091,0.9147727272727272,0.5316598371824033,0.2519000828515133,0.2797597543308899,0.8292748928070068,0.0123445657568454,0
4.318725593614891,2.9322007649062014,1.3865248287086898,0.6275735480709307,1.394738431651685,0.0312540390018324,0.6789504684533266,0.6736872624958544,0.994736794042528,0.5963195090690983,1.3634843926498528,0.7671648835807546,0.5809106230735779,0.0113651451901023,1
2.383123454062225,4.611467798469099,2.228344344406874,1.2914412363138714,0.7117048545747261,0.0193526826074842,0.5167819787993244,0.9976019184652278,0.5143838972645521,1.2720885537063873,0.6923521719672419,0.5797363817391453,0.6305487751960754,0.0055293378878526,0
2.132425411766867,2.3206870780009536,0.1882616662340868,0.8636908871734994,0.4488367824730567,0.2570488349881944,0.9188767550702028,0.8892362138478768,0.8081129689180795,0.606642052185305,0.1917879474848623,0.4148541047004426,0.809344470500946,0.0108612292405726,0
2.305896345825083,2.5616374341994668,0.2557410883743838,0.8906746269072401,0.5286772107594284,0.0137721696241186,0.9001649940931999,0.9953917633488558,0.8955567574420559,0.8769024572831214,0.5149050411353098,0.3619974161478116,0.8577672243118286,0.0118047808027625,1
1.148500288099081,1.4726591436110938,0.3241588555120129,0.7098349924576697,0.4080504617191142,0.3303482011467786,0.7798819523728037,0.7714862021273237,0.5513681545001272,0.379486791310891,0.0777022605723355,0.3017845307385554,0.901032567024231,0.0123493429233634,0
4.492153826456614,4.661536967411726,0.1693831409551114,0.9091984163188948,1.1834034296500298,4.512578079355336,0.9636636709867904,0.0438596491228071,0.0075233201095975,3.603379663036441,3.3291746497053065,0.2742050133311349,0.0190484225749969,0.1109891137908532,0
3.693301204804367,3.241195363311677,0.4521058414926897,1.0305266715217742,1.078947190114136,3.3380708174352938,0.877587606203205,-0.0524600885503721,0.0699523052464229,2.3075441459135195,2.259123627321158,0.0484205185923616,0.0315841138362884,0.2700989764541843,0
2.076423068507093,1.5627936525104174,0.5136294159966761,0.8210297537612062,0.7595058364651234,1.007478744825451,0.752637396594729,0.2579228088568853,0.5052854122621564,0.1864489910642447,0.2479729083603276,0.0615239172960828,0.3295154869556427,0.0043898819075042,0
2.009388635838504,0.8676735667160548,1.1417150691224491,0.2523963527883615,0.8193569442002957,0.7748243628701734,0.4318097311991518,0.0212117060939935,0.5894019748948417,0.5224280100818119,0.0445325813301222,0.5669605914119342,0.4507668018341064,0.0030444984453399,0
4.050023487598322,2.9348987773305404,1.1151247102677817,1.0283434841877808,1.4204928439791435,3.085406406937235,0.7246621621621621,-0.0743243243243243,0.2010135135135135,2.057062922749454,1.6649135629580911,0.3921493597913628,0.0271080732345581,0.0068412523656475,0
2.654351982928429,2.3371245508223484,0.3172274321060806,1.301900517133642,1.032565526283163,1.2915688307176136,0.8804878048780488,0.3804878048780487,0.5,0.0103316864160283,0.2590033044344506,0.2693349908504789,0.4468728899955749,0.0323701408712186,0
2.094366512398881,1.8969811274879569,0.1973853849109246,1.0272384836738226,0.7119451559716347,0.813679722196611,0.9057541343683728,0.528739723108441,0.6229855887400682,0.2135587614772116,0.1017345662249763,0.315293327702188,0.3928873538970947,0.0385173181083457,0
4.378990803266101,3.32060003716304,1.0583907661030607,1.0826303924620964,1.8025300716515693,3.2721346140408585,0.7583025830258304,0.0018450184501844,0.2435424354243541,2.189504221578762,1.469604542389289,0.7198996791894732,0.1147700548171997,0.0080793302984066,0
3.110515448450455,2.3981951049314683,0.7123203435189867,1.5101933676541002,1.3417664512044225,1.3653071376360324,0.7709960437991592,0.3536932448169709,0.5826972010178118,0.1448862300180677,0.0235406864316098,0.1684269164496776,0.4077009558677673,0.0791482825145705,0
2.101194366735464,1.6897258803459625,0.4114684863895015,1.1654664616870365,0.816009813951376,1.0780256459771955,0.8041740007951846,0.3133145457643576,0.5091405449691729,0.0874408157098407,0.2620158320258198,0.3494566477356605,0.2771922051906585,0.027430698071337,0
10.82866644656409,12.236215577898395,1.4075491313343065,4.423967789316674,2.4692894757808586,11.066208847910076,0.8849685899718305,0.1150314100281695,0.0,6.6422410585934015,8.596919372129218,1.954678313535816,0.0175410509109497,0.0190304662294511,0
7.509428625298474,2.800555221886792,4.7088734034116815,0.8054370177287877,2.802418197737178,2.882622774176516,0.3729385232389075,-0.0218572028271888,0.6052042739339037,2.077185756447728,0.0802045764393373,1.9969811800083903,0.0759274959564209,0.0102584440362153,0
4.071118773971095,0.7046293754142007,3.3664893985568938,0.3206756250110855,1.654082250012312,0.7130178203596078,0.1730800339010702,-0.0068682553135345,0.8200517107853952,0.3923421953485223,0.9410644296527042,1.3334066250012264,0.4311096668243408,0.0055922966302714,0
6.346235274990783,7.2695936359442,0.9233583609534168,2.747170429427794,1.435749324628782,6.1096937783774905,0.872983497125904,0.127016502874096,0.0,3.3625233489496966,4.6739444537487085,1.311421104799012,0.0064289569854736,0.034615828772677,0
3.46335186545574,0.9348925280984818,2.528459337357257,0.4898515953281397,1.3954911210515275,0.8817584902759057,0.2699386503067484,0.0168711656441717,0.7469325153374233,0.391906894947766,0.5137326307756218,0.9056395257233878,0.3002541065216064,0.0106235973578629,0
2.3307646174885037,1.163535427113912,1.1672291903745913,0.659850225395864,0.6676718371050243,0.3952326688926622,0.4992076069730586,0.3042789223454833,0.8050713153724248,0.2646175565032018,0.2724391682123621,0.0078216117091602,0.7430642247200012,0.0184688300069916,0
2.659240314535251,2.059962492884245,0.5992778216510053,0.6399506971189124,0.7047193697164478,0.2677967359003809,0.7746432248430546,0.6746432248430546,0.8999999999999999,0.3721539612185315,0.4369226338160669,0.0647686725975353,0.4555367231369018,0.0486902286159421,0
1.7405575987094366,1.3844005674355857,0.3561570312738511,0.5456817651513433,0.5670891466475975,0.3530677224786408,0.7953776240798183,0.5925306489908504,0.7971530249110321,0.1926140426727024,0.2140214241689566,0.0214073814962542,0.5748459100723267,0.0092912695829812,0
2.709474100611778,0.6863469003022473,2.0231272003095317,0.3567540882471747,1.0499905433257275,0.4928130359728345,0.2533136966126657,0.0706921944035346,0.8173784977908689,0.1360589477256598,0.557177507352893,0.6932364550785528,0.6041703224182129,0.0119711668657368,0
1.734406647695004,1.8215691388663664,0.0871624911713626,1.0481733982869328,0.5253465445180258,1.6254672438761189,0.9521497760850256,0.1148356352978404,0.0669854113828661,0.5772938455891861,1.1001206993580932,0.522826853768907,0.2212932109832763,0.0130734598580827,0
1.903208790113032,1.9328801966404063,0.0296714065273746,0.8465968420006549,0.6815645683605909,1.905341154926277,0.9846491228070176,0.0219231621849486,0.0065722849919661,1.0587443129256229,1.2237765865656869,0.165032273640064,0.0437514185905456,0.0254327478554127,0
1.2043527949247506,1.3705948782911546,0.166242083366404,0.7330709705400537,0.4928899632711094,1.0890094003338835,0.8787080807031228,0.1782178217821781,0.0569259024853009,0.35593842979383,0.5961194370627743,0.2401810072689442,0.1967929005622863,0.0135702232000858,0
1.7167341077128573,2.152409739357822,0.4356756316449648,1.1084762388641285,0.7695345439258781,1.7037746032717511,0.7975870375986359,0.2457799894097934,0.0433670270084293,0.5952983644076228,0.9342400593458732,0.3389416949382504,0.2145401239395141,0.0103730562830786,0
1.739334073264377,1.9488260664226196,0.2094919931582424,1.0685841632707882,0.6928456317599324,1.6150898219085996,0.8925034938891194,0.200003131752842,0.0925066256419615,0.5465056586378114,0.9222441901486672,0.3757385315108558,0.0989678800106048,0.0341044540763189,0
1.3565670116934172,1.4715303177691303,0.1149633060757131,0.8919893999295704,0.4961339452408048,1.3201619647694411,0.921875,0.0963541666666666,0.0182291666666667,0.4281725648398707,0.8240280195286362,0.3958554546887655,0.096789002418518,0.0268247765799306,0
3.961078361370874,2.9339297655947028,1.0271485957761717,0.6947681759130131,1.2543445682390688,0.3469358288924834,0.7406896551724138,0.6565517241379311,0.9158620689655173,0.3478323470205297,0.9074087393465854,0.5595763923260557,0.6652971506118774,0.0109271127210231,0
3.3202256988216265,2.6098302391908934,0.7103954596307331,0.6608694266856759,1.1758629020026183,0.2136269248079031,0.786040009303326,0.7224741178304578,0.9364341085271316,0.4472425018777728,0.9622359771947152,0.5149934753169424,0.5620207786560059,0.0051476367423591,0
2.283020413124588,1.5415652753157474,0.7414551378088405,0.6535657236203664,0.7468820799117737,1.5981433906386455,0.6752306139943488,-0.0923003806373043,0.2324690053683468,0.9445776670182794,0.8512613107268721,0.0933163562914073,0.1425579786300659,0.0039026968995335,0
7.590719094143949,8.07657036264371,0.4858512684997622,2.148615914711487,2.008635147363896,7.63172349717621,0.9398443588448192,0.1101573676680973,0.0500017265129167,5.483107582464724,5.623088349812314,0.1399807673475908,0.0064201354980468,0.0115540349667054,0
1.7001578821339556,1.8717831273744077,0.1716252452404518,0.5932026512140278,0.5715133679057333,1.6758699123891847,0.9083092251818754,0.0916907748181246,0.0,1.0826672611751569,1.104356544483451,0.0216892833082945,0.0229068398475646,0.0032383930693707,0
1.0170757099781162,0.9954308560469424,0.0216448539311738,0.5571729127304338,0.5542046928846052,0.7713062938669504,0.9787185420723108,0.2066820679081771,0.2279635258358663,0.2141333811365166,0.2171016009823452,0.0029682198458286,0.4799191355705261,0.0154570296660601,0
0.7245953481848789,1.0407824092110078,0.3161870610261289,0.5995474549109611,0.3573317624282795,0.5809937246355119,0.6962025316455697,0.4354430379746835,0.1316455696202532,0.0185537302754491,0.2236619622072324,0.2422156924826815,0.5630686283111572,0.0447931491974707,0
1.6158190268189294,1.4522903542252066,0.1635286725937228,0.7823349174484894,0.6216012634054787,1.1680619470980214,0.8987951807228917,0.1734939759036144,0.2746987951807227,0.385727029649532,0.5464606836925426,0.1607336540430106,0.3524691164493561,0.0233612412258582,0
1.1444748436666448,1.7021329681284176,0.5576581244617729,0.8543873773526833,0.4662064549107226,1.197324796638512,0.6723768736616702,0.3276231263383298,0.0,0.3429374192858287,0.7311183417277896,0.3881809224419607,0.1119385957717895,0.0145793080458551,0
0.716937715699332,1.5914702156089773,0.8745324999096453,0.7873007208688516,0.3296795972590207,0.5948699349606372,0.4504876740184517,0.6019417475728155,0.0524294215912672,0.1924307859082143,0.2651903377016165,0.4576211236098309,0.4080854058265686,0.0185414264668202,0
2.200914501918834,1.3608500947128814,0.8400644072059527,0.4766664683460461,0.8790762985189776,0.596793742316506,0.6183112036048856,0.2970676802888233,0.6787564766839378,0.1201272739704598,0.2822825562024716,0.4024098301729315,0.6537508368492126,0.0076025144956026,0
2.0735024365940418,1.491672186024339,0.5818302505697028,0.5917543006673003,0.8035071608821999,0.9117943859599036,0.7193973634651601,0.2504708097928437,0.5310734463276836,0.3200400852926032,0.1082872250777036,0.2117528602148995,0.7218854427337646,0.0039049010105349,0
1.9410399595393328,1.4024686618855255,0.5385712976538073,0.58896173069517,0.7511426093123491,1.4641772830084887,0.7225346675595352,-0.0674365689722232,0.2100287634682415,0.8752155523133187,0.7130346736961396,0.1621808786171791,0.0991747379302978,0.0037399164316947,0
1.398129490200038,1.3715690287111446,0.0265604614888934,0.6930708641445777,0.5081531344441051,1.3167692578768508,0.9810028601248564,0.0166271671207603,0.035624306995904,0.6236983937322731,0.8086161234327457,0.1849177297004726,0.0446742177009582,0.013283934951844,0
1.0686162018118175,1.527492570825128,0.4588763690133102,0.8248413857202896,0.3185033425085319,1.0670447073973888,0.6995884773662551,0.300411522633745,0.0,0.2422033216770991,0.7485413648888568,0.5063380432117577,0.1652147769927978,0.0094289724395397,0
0.8236771053520489,1.1840358389435703,0.3603587335915215,0.7483964595542976,0.2324787129026125,0.784389874998086,0.6956521739130435,0.3615560640732266,0.05720823798627,0.0359934154437884,0.5519111620954734,0.515917746651685,0.2600968480110168,0.0270945900102979,0
1.4066408658267977,1.3366263699430745,0.0700144958837232,0.4986208023514698,0.5933596075785554,1.1037006836516383,0.950225748743216,0.1948071011090874,0.2445813523658714,0.6050798813001685,0.5103410760730829,0.0947388052270856,0.3045511245727539,0.003044692095825,0
1.2503348731030683,1.3885628490240105,0.1382279759209421,0.6416506635138939,0.4916727436557331,1.094834093982443,0.9004524886877828,0.2352941176470587,0.1357466063348415,0.4531834304685491,0.6031613503267099,0.1499779198581607,0.5076782703399658,0.0031415449072941,0
1.3153414657802989,1.231790848913548,0.0835506168667508,0.4977686475154487,0.610297378501362,0.8897943867688678,0.936479903477242,0.2376494227417121,0.3011695192644703,0.392025739253419,0.2794970082675058,0.1125287309859132,0.4673874378204345,0.0030949364887464,0
1.294515175378144,1.1814021988887915,0.1131129764893523,0.4187397411382093,0.483135385848998,1.015498993648073,0.912621359223301,0.141747572815534,0.2291262135922329,0.5967592525098637,0.532363607799075,0.0643956447107887,0.4721893072128296,0.0050272230926012,0
1.255413759493264,1.132487828876215,0.1229259306170489,0.5233773938165753,0.4195934657447274,0.9284872592558376,0.9020833333333332,0.2124999999999998,0.3104166666666667,0.4051098654392622,0.5088937935111101,0.1037839280718478,0.6381598711013794,0.0026154563251002,0
1.1312050808963796,0.8997631218164307,0.2314419590799489,0.4184968844845325,0.5125614869590279,0.7749435676621428,0.7954022988505748,0.0758620689655172,0.2804597701149425,0.3564466831776103,0.2623820807031148,0.0940646024744954,0.6846230030059814,0.0026004823176475,0
3.993662463885989,4.98497202861967,0.9913095647336808,1.5569751967735517,1.0944387864265637,3.9754005254226175,0.8011403957650345,0.223858615611193,0.0249990113762275,2.4184253286490667,2.8809617389960547,0.462536410346988,0.0454702377319335,0.007341291293908,0
8.895326381182263,8.027489661066921,0.8678367201153421,1.8998339286189536,2.667484715540519,7.746718957500192,0.902439024390244,0.0473457675753227,0.1449067431850788,5.846885028881239,5.079234241959673,0.767650786921565,0.0232501327991485,0.0127623047075785,0
6.840560249941036,7.512523880987662,0.6719636310466264,2.415340397153709,1.2744251823361228,6.911873202448524,0.9105542103170946,0.0894457896829053,0.0,4.496532805294814,5.637448020112401,1.1409152148175867,0.0255054831504821,0.0101795716544548,0
4.024056347723951,0.5180730698437654,3.505983277880185,0.2285089337024176,1.3471598485557932,0.4332192549853538,0.1287439899137578,0.0166479297302272,0.8879039398164694,0.2047103212829362,0.9139405935704392,1.1186509148533756,0.5813353061676025,0.0089323584161001,0
4.162143954999898,4.235460525569053,0.0733165705691547,1.004296461721672,0.8832996825567198,3.965502336129936,0.9826898231900522,0.099009900990099,0.0816997241801512,2.961205874408264,3.0822026535732165,0.1209967791649523,0.0353788137435913,0.0052419507479241,0
5.122137286631151,1.1555925439296169,3.9665447427015343,0.2389268687075119,1.938563423034655,1.171208659388125,0.2256074914168601,-0.0060974997680232,0.7682950088151166,0.9322817906806132,0.7673547636465297,1.6996365543271428,0.1603224277496338,0.0062464461834033,0
13.061457675177552,14.196269159733014,1.1348114845554615,5.197783083175949,2.893205868835132,13.08370888075707,0.9200626959247648,0.0799373040752352,0.0,7.885925797581121,10.19050301192194,2.304577214340817,0.0133352875709533,0.0222512055795188,0
12.607134198174371,11.377645878538171,1.2294883196362,3.1834634013287,3.8151902031506335,11.104426251952347,0.9024767801857584,0.021671826625387,0.1191950464396284,7.920962850623649,7.289236048801715,0.6317268018219337,0.0171049833297729,0.019515687613273,0
0.5979280423137004,4.096771489917096,3.498843447603395,1.3025825259819763,0.1310099591020697,0.1485176105101772,0.1459510357815442,0.9717514124293786,0.1177024482109228,1.1540649154717992,0.0175076514081074,1.1715725668799069,0.6153566241264343,0.0115728008189748,0
0.3640238335934821,5.855768883317532,5.4917450497240505,1.2958874737738948,0.1268017106844071,0.1409132396030524,0.0621649933334199,0.9786096256684492,0.0407746190018691,1.1549742341708424,0.0141115289186452,1.1690857630894875,0.3506025075912475,0.0039142593912127,0
0.685822188342944,8.998545587124545,8.3127233987816,1.971223938992348,0.2013251532464106,0.0118245766621654,0.0762147817892087,0.9993429635340424,0.0755577453232509,1.9593993623301824,0.1895005765842451,1.7698987857459372,0.5959798097610474,0.011824632834592,0
14.502021432696525,13.549507709695108,0.9525137230014148,3.952968629760949,4.582179346268392,13.299472857407238,0.93431855500821,0.0344827586206894,0.1001642036124794,9.346504227646289,8.717293511138847,0.6292107165074428,0.0046727657318115,0.0238128430750353,0
0.4713269151965438,2.9307964544948724,2.459469539298329,0.8930761243920425,0.1535106343839727,0.1485393914558804,0.1608187134502924,0.9512670565302144,0.1120857699805068,0.7445367329361621,0.0049712429280922,0.7395654900080698,1.4672489166259766,0.0057130535175338,0
3.962380711371791,3.042105561585596,0.9202751497861952,0.3875363603292942,0.703124044629761,3.2225251594300977,0.7677469135802469,-0.091066260910623,0.14118682550913,2.834988799100804,2.519401114800337,0.3155876843004667,0.0606570243835449,0.0030573925242066,0
0.5152107432921964,5.2940256195421895,4.778814876249993,1.352562859908429,0.1381400613419622,0.0040567246133656,0.0973192765426681,0.999233706483916,0.0965529830265841,1.3485061352950634,0.1340833367285966,1.2144227985664666,0.8960092067718506,0.008113449225352,0
13.623024861211922,13.9272083730884,0.3041835118764773,3.712508723462239,4.071317495120425,13.644960328667246,0.9781590463983972,0.0405318907939287,0.018690937192326,9.932451605205006,9.57364283354682,0.3588087716581865,0.0136783719062805,0.021693092860045,0
3.03445029670671,0.6017323534545883,2.432717943252121,0.2678950012790195,1.2509690283430768,0.2535872060987194,0.1983002832861189,0.1104815864022662,0.9121813031161472,0.0143077951803001,0.9973818222443572,0.9830740270640572,0.5350319147109985,0.0042980882389613,0
3.111077666997798,0.7556071875997734,2.355470479398025,0.27355527277562,1.0904989573359962,0.6495868486854139,0.2428763497662651,0.021067180001705,0.7781908302354399,0.3760315759097939,0.4409121086505823,0.8169436845603761,0.346360445022583,0.0038551222924774,0
10.997816545393318,2.0397349691718016,8.958081576221517,0.4397112713751366,3.759722821077046,0.6083420655259759,0.1854672662298763,0.1290675933558877,0.9436003271260114,0.1686307941508392,3.1513807555510702,3.3200115497019094,0.20522540807724,0.0357847382769823,0
0.7725968226867477,3.347908906918773,2.575312084232025,1.1794881586945694,0.2690572215203448,0.0614113405074027,0.2307699654223275,0.9822484641982824,0.21301842962061,1.1180768181871668,0.2076458810129421,0.9104309371742244,0.7395615577697754,0.0079240447501036,0
20.473648828655648,0.9158312601399816,19.557817568515667,0.3230495241595214,3.913090060868397,0.7712222989683122,0.0447321954090641,0.0041204638532986,0.9593882684442344,0.4481727748087907,3.141867761900085,3.590040536708876,0.0954167544841766,0.0241007642962869,0
16.975676782781804,1.8933712641493865,15.082305518632417,0.4643737187180212,4.100526980163971,0.0064842157306271,0.1115343610965665,0.110770419156154,0.9992360580595876,0.4578895029873941,4.094042764433343,3.6361532614459495,0.2602677941322326,0.0129683638951702,0
9.256549959078372,8.861051452739677,0.3954985063386953,2.35033560228936,2.717184788109242,8.974137139210137,0.9572736593993304,-0.0244336576738403,0.0182926829268291,6.623801536920778,6.256952351100896,0.3668491858198823,0.0131430625915527,0.0141102744889418,0
0.5034543114170376,4.388918889310279,3.8854645778932415,1.284682136212722,0.1277240420456631,0.0653345726118851,0.1147103248235593,0.9833624191376568,0.098072743961216,1.2193475636008368,0.0623894694337779,1.156958094167059,0.7527754306793213,0.0076864203072806,0
0.5337575227612527,5.593871389940919,5.060113867179666,1.448696892890345,0.0981379885478429,0.5715828590199241,0.0954182685932094,0.9045817314067904,0.0,0.8771140338704209,0.4734448704720811,1.350558904342502,0.1500289440155029,0.0126083602636071,0
0.6519374317252233,7.670615514061403,7.01867808233618,1.985447038991904,0.1974358910189155,0.0058733101957227,0.0849915408392094,1.0,0.0849915408392094,1.979573728796181,0.1915625808231928,1.788011147972988,0.5620383620262146,0.0058733656309811,0
9.80874843820807,9.553621129016072,0.2551273091919981,2.4006745927272544,2.976114111297586,9.40329527961996,0.9739898203324088,0.0306513823538481,0.0566615620214394,7.002620686892705,6.427181168322372,0.5754395185703323,0.0049384236335754,0.0150212355674948,0
0.3102159141302295,3.08887572859973,2.7786598144695005,0.8605034560130448,0.11256360046543,0.2240429063730177,0.1004300403729284,0.9278963812707182,0.0283264216436464,0.6364605496400271,0.1114793059075877,0.7479398555476148,1.51082444190979,0.0053027909503858,0
4.278633597717327,1.4607598429754087,2.8178737547419184,0.2309392207317466,0.9151408090839112,1.5854499527303338,0.3414080242240727,-0.0582850140855472,0.60030696169038,1.3545107319985872,0.6703091436464227,0.6842015883521646,0.1145155429840087,0.0032389016334948,0
0.2913917351481401,5.482290253700875,5.190898518552735,1.1303491585918677,0.1147624456816212,0.0135532515542666,0.0531514607333008,0.9969097651421508,0.0500612258754516,1.116795907037601,0.1012091941273545,1.0155867129102465,1.0070911645889282,0.0135532515542666,0
7.521354321739403,9.122759604902068,1.6014052831626655,3.2132571342410623,1.549759376056813,7.35078850473485,0.8244604316546762,0.1755395683453237,0.0,4.137531370493788,5.801029128678037,1.6634977581842496,0.0169539451599121,0.0131262728128087,0
2.1642000003852546,0.5001351244743,1.6640648759109546,0.2103927955557684,0.8618609193160159,0.1758050740576327,0.2310946882844791,0.1554636993913768,0.9243690111068978,0.0345877214981356,0.6860558452583831,0.6514681237602475,0.9666922688484192,0.0090933437526235,0
2.440514962047801,0.4087562005400257,2.031758761507775,0.2022778032782012,0.8606029124941675,0.2870303334455705,0.167487684729064,0.0467980295566502,0.8793103448275862,0.0847525301673692,0.573572579048597,0.6583251092159663,0.6170347929000854,0.0300555258612751,0
7.331920059195464,1.0565279154758425,6.275392143719621,0.3147138478434907,2.184419034617639,0.8296200865947798,0.1440997592643932,0.0241784952029755,0.8800787359385823,0.514906238751289,1.3547989480228593,1.8697051867741483,0.3923119902610779,0.0070907711793618,0
0.6751673720056675,2.6577075684384037,1.982540196432736,0.9200960459263474,0.2022716329489066,0.058310030484211,0.2540412572186704,0.974595874278133,0.2286371314968033,0.8617860154421364,0.1439616024646956,0.7178244129774407,1.0998051166534424,0.2516537974008203,0
12.942438667823843,4.359140385665822,8.583298282158022,0.3527394258879316,2.4457804309410665,5.280217152466697,0.3368098159509202,-0.1423343452406324,0.5208558388084473,4.927477726578766,2.834436721525631,2.0930410050531347,0.0420413315296173,0.0079401844152298,0
9.86158842707496,0.8619383201042382,8.999650106970723,0.3022463446807792,2.6723004099471184,0.0253514139509849,0.0874035989717223,0.0865467009425878,0.9991431019708656,0.2768949307297944,2.6469489959961336,2.370054065266339,0.3862510025501251,0.0084504043759138,0
3.876924897143976,3.676924803243692,0.2000000939002846,0.3998346304320549,0.6983078479831548,3.647729804850016,0.9484126984126984,0.0150609047986369,0.0666482063859386,3.247895174417961,2.9494219568668614,0.2984732175510999,0.0361630916595459,0.0153847747514518,0
4.204575778627186,0.2640579463117321,3.9405178323154537,0.1143828659849325,0.9180139285388338,0.2161772915857318,0.06280251806948,0.0034512413268989,0.9406487232574188,0.1017944256007992,0.7018366369531019,0.8036310625539013,1.15040385723114,0.0087052070212658,0
6.129730155569786,0.4668398444271297,5.6628903111426565,0.1470869703652119,1.2819553934100958,0.0020297119720429,0.0761599340556509,0.0754976824000217,0.9993377483443708,0.1450572583931689,1.2799256814380529,1.134868423044884,0.8862664699554443,0.0081189538161239,0
13.912278023830572,12.535650813076725,1.3766272107538473,2.6183841380359665,4.82089174655112,12.212351998429986,0.901049475262369,0.0314842578710646,0.1304347826086956,9.59396786039402,7.391460251878866,2.2025076085151536,0.010669469833374,0.020857988041725,0
5.514754124661182,1.0566082127006486,4.458145911960533,0.2890954770537536,1.1488775628444383,0.3982652204987442,0.1915966131609838,0.1097985291521408,0.9182019159911567,0.1091697434449906,0.7506123423456943,0.8597820857906849,0.2920573949813843,0.0040639308214157,0
5.117285093918099,0.6260252892265152,4.491259804691584,0.2356383003902654,1.190788266409004,0.4220622111236828,0.1223354332887466,0.0449878690158616,0.922652435727115,0.1864239107334174,0.768726055285321,0.9551499660187384,0.2938683629035949,0.0040388793872778,0
2.0531337960289853,10.186702295682274,8.133568499653288,4.37453209809483,0.4609802035809372,0.4211556504674841,0.2015503875968992,0.9651162790697676,0.1666666666666666,3.9533764476273454,0.039824553113453,3.913551894513893,0.1634556353092193,0.0263221585652702,0
0.7925119730191093,5.993620700471152,5.201108727452043,1.3125801078189117,0.1500410198638,0.7048975840421223,0.1322259136212625,0.8677740863787375,0.0,0.6076825237767893,0.5548565641783223,1.1625390879551116,0.1210749745368957,0.01194741667868,0
1.6153298722537093,20.452261117344744,18.836931245091037,4.263897403596305,0.4604962540822134,2.035048712730912,0.0789805030840239,0.921019496915976,0.0,2.228848690865393,1.574552458648698,3.8034011495140914,0.0437420606613159,0.0254382007112705,0
1.5003508553150904,17.454880743413064,15.954529888097971,4.461045354851496,0.4612045232123766,0.0066979948897995,0.0859559499357379,0.999232536161288,0.085188486097026,4.454347359961696,0.4545065283225771,3.99984083163912,0.2547283470630646,0.013395989779599,0
11.106759751197204,11.34942845164353,0.242668700446325,3.7492355512141855,2.98161120410362,10.696089642749577,0.9786184210526316,0.0789473684210526,0.0575657894736843,6.946854091535391,7.714478438645957,0.7676243471105653,0.0119218826293945,0.0186668231112558,0
12.29059501755092,13.146547170558929,0.8559521530080101,4.1610654797043605,3.734199988295808,11.642931165518505,0.9348914858096828,0.1469115191986644,0.0818030050083473,7.481865685814144,7.908731177222696,0.4268654914085528,0.0084499716758728,0.043894208139159,0
11.978212528073016,1.951005628365672,10.027206899707345,0.6366279392041756,3.3331073443840764,0.0964157432121886,0.1628795301296543,0.1590916168183221,0.9962120866886678,0.5402121959919869,3.236691601171888,2.696479405179901,0.3008309006690979,0.0113430301333501,0
12.75310708168206,11.926721580855247,0.8263855008268131,3.060814529886624,4.335542208918833,11.110061509518571,0.9352012418986276,0.0713151726924431,0.1361139307938153,8.049246979631949,6.77451930059974,1.274727679032209,0.0215332508087158,0.0206698847465354,0
1.7920628031992143,14.225818042416307,12.433755239217092,3.3187616439447845,0.7269335958274674,0.1327442129439391,0.1259725660665645,0.9914463832704876,0.1174189493370522,3.1860174310008453,0.5941893828835283,2.591828048117317,0.3185316920280456,0.0221240846522301,0
8.206193681898892,14.341484712941226,6.135291031042334,5.786777340475091,1.2904190518735423,8.892992268258652,0.5721997300944669,0.4278180660592386,1.7796153705505677e-05,3.1062149277835616,7.60257321638511,4.496358288601549,0.0325797200202941,0.0193536284401711,0
12.653134797508088,12.297265381328172,0.3558694161799156,3.1034338879718923,3.98029438493326,12.188527504162089,0.971875,-0.028125,0.0,9.085093616190196,8.20823311922883,0.8768604969613674,0.0056281685829162,0.0197705231211063,0
0.6869179562478381,7.3037094014908,6.616791445242962,1.778239410297416,0.3698834518933385,0.2084262616652722,0.0940505595838229,0.9646298913654848,0.0586804509493078,1.5698131486321438,0.1614571902280663,1.4083559584040777,0.5622501969337463,0.0058711490365681,0
0.6688018131627337,4.201447287817174,3.53264547465444,1.3392429675759383,0.2314516801087286,0.0707374128086022,0.1591836734693877,0.978572019085412,0.1377556925547997,1.2685055547673365,0.1607142673001264,1.1077912874672098,0.787289023399353,0.0042871911100175,0
4.8920116427923,0.5292039852083663,4.362807657583933,0.2808426832321741,1.1927829983903646,0.0875061707824857,0.1081771720613287,0.0911413969335604,0.9829642248722318,0.1933365124496883,1.1052768276078788,0.9119403151581904,0.7654935121536255,0.0041669605134517,0
6.768904962295416,6.375933155338876,0.3929718069565391,1.510731479040779,2.5980133756903943,6.456787380134839,0.9419445524578206,-0.0238898980695824,0.0341655494725969,4.946055901094059,3.8587740044444447,1.0872818966496152,0.028900146484375,0.0115506035422805,0
3.528191014700422,2.272425409494585,1.2557656052058368,0.6567582484928306,0.8729952570683888,0.0064072731423592,0.6440766387155307,0.6416552647265694,0.9975786260110387,0.6503509753504713,0.8665879839260294,0.2162370085755581,0.7814942598342896,0.0042714763336364,1
1.78270467908221,2.0480432258031493,0.2653385467209395,0.4624090490132463,0.6036059251139949,0.0551510912334181,0.8704428972113682,0.9767103347889374,0.8471532320003058,0.4072579577798281,0.5484548338805768,0.1411968761007486,0.8833624124526978,0.0029811400666712,0
3.308963921969148,1.334985444493446,1.9739784774757017,0.3859676515406419,0.6844976111366707,0.8174910867965482,0.4034451495920217,0.1659111514052584,0.7624660018132366,0.4315234352559064,0.1329934756598775,0.2985299595960288,0.3338198661804199,0.005999934581993,0
7.356044618751575,6.8677093222215255,0.4883352965300487,1.5458534380258488,2.6033094944399053,6.583007328322326,0.9336144189113244,0.0252755172632506,0.0916610983519262,5.0371538902964765,3.9796978338824207,1.0574560564140565,0.0095754861831665,0.0116204895469061,0
5.992414403856355,4.466849101419848,1.5255653024365063,0.7233196278555487,2.0564395210169364,4.564240283118987,0.7454172559469944,-0.0325048219750834,0.2220779220779221,3.8409206552634383,2.5078007621020504,1.3331198931613877,0.0285966396331787,0.007782161717276,0
3.8071579935574418,2.1597815817960564,1.6473764117613854,0.6149387336928659,0.7946597421823819,0.0039411573432271,0.5672949705399375,0.5652245771651964,0.9979296066252588,0.6109975763496387,0.7907185848391547,0.179721008489516,0.9034523963928224,0.0118236217981535,1
3.9384633875748327,3.4926553129692857,0.4458080746055471,0.3548023926024667,0.7018861326233277,3.519226655164318,0.8868065967016492,-0.0134932533733133,0.0997001499250374,3.164424262561852,2.8173405225409907,0.3470837400208609,0.0628149509429931,0.0029523713550036,0
2.906081679550047,1.244648366199398,1.6614333133506487,0.4454398601712641,0.6076452049189938,0.0924679800360402,0.4282909097008274,0.3969771875293047,0.9686862778284772,0.352971880135224,0.5151772248829536,0.1622053447477296,1.2129851579666138,0.0058709828594311,0
12.636164950058165,12.269586785977983,0.3665781640801846,3.7043820151170506,4.038146768823811,11.988850615075831,0.9709897610921504,0.0136518771331056,0.0426621160409553,8.284468599958782,7.950703846252023,0.3337647537067605,0.0137609243392944,0.0215626742172917,0
8.084162720894103,8.77155859297013,0.687395872076026,1.7404451084929486,1.739864608923853,8.326080911417344,0.9216335540838853,0.1015732100130548,0.02320676409694,6.585635802924394,6.586216302493493,0.0005804995690956,0.0076621770858764,0.0096814813728016,0
1.1890461342788132,2.752017055018675,1.5629709207398617,0.6196304636249454,0.4354878582260415,0.1592197938355202,0.4320635048792401,0.9469219421175707,0.3789854469968109,0.4604106697894253,0.2762680643905213,0.1841426053989039,0.6728827953338623,0.0058429236836914,0
3.310833901580536,1.2611115051248731,2.0497223964556626,0.3877675800053722,0.7026606721262558,0.9680789836016808,0.3809044919235725,0.0722914872134636,0.6913869952898912,0.5803114035963087,0.2654183114754252,0.3148930921208836,0.3021996021270752,0.0030683978226882,0
8.064764323960906,18.203325188368908,10.138560864407998,7.635639286304562,0.9163747594015186,8.525607999615817,0.4430379746835443,0.5784810126582278,0.0215189873417721,0.8899687133112559,7.609233240214298,6.719264526903043,0.0273644924163818,0.0230421837827454,0
7.934557543460798,4.5923061072434805,3.342251436217317,1.6678790903565854,3.0261028714913585,2.861967273138845,0.5787728026533997,0.2371475953565506,0.658374792703151,1.1940881827822598,0.1641355983525132,1.3582237811347728,0.1240257620811462,0.013158470221328,0
4.044159903988872,1.7419738312429316,2.30218607274594,0.6619922272648501,0.8041793146077468,0.2044570224463534,0.4307381193124368,0.3811931243680485,0.9504550050556118,0.4575352048184966,0.5997222921613934,0.1421870873428967,0.3900324106216431,0.004089140448927,0
9.594631421057027,11.45594559973784,1.8613141786808087,4.992697886236939,3.025388020713561,7.5560492253590015,0.8375241779497099,0.3442940038684719,0.1818181818181818,2.563351339122063,4.530661204645438,1.9673098655233765,0.0703020691871643,0.0886355866090018,0
7.033909257438972,5.725808677752116,1.3081005796868563,1.8076391546254031,2.304006003575486,0.4934063590046913,0.8140293637846655,0.7634584013050569,0.9494290375203914,1.3142327956207118,1.8105996445707944,0.4963668489500828,0.2165718674659729,0.0114745664884811,0
6.594045588779977,14.012346876157451,7.418301287377477,5.844881626517417,0.7982886478349958,6.441646920453582,0.4705882352941176,0.5294117647058824,0.0,0.5967652939361665,5.6433582726185865,5.04659297868242,0.0745190382003784,0.0179183441621959,0
8.594515055037068,10.40297109654228,1.8084560415052149,2.0659931088288244,2.6638516412784914,8.739551860293135,0.8261596591279288,0.1840101522842639,0.0101698114121926,6.673558751464312,6.075700219014643,0.597858532449667,0.0112380385398864,0.0132017399702313,0
5.078466017964543,3.763672975276791,1.3147930426877528,0.4947439221849365,1.7127838249354472,3.8135229484592648,0.7411042944785277,-0.0196319018404907,0.2392638036809816,3.318779026274328,2.1007391235238178,1.2180399027505109,0.0535712242126464,0.0062312466478092,0
7.375023157126213,7.118641637920216,0.2563815192059957,2.25420758053342,2.3618778788516965,6.848530814392081,0.9652365133310444,-0.0034846083513756,0.0312788783175799,4.594323233858663,4.486652935540387,0.1076702983182769,0.0230932235717773,0.0256980059978039,0
2.336989208444068,2.799565523117767,0.462576314673699,0.836018750990211,0.6007141698324844,0.0119638018822767,0.8347685343122294,0.9957265505009674,0.8304950848131967,0.8240549491079342,0.5887503679502076,0.2353045811577265,0.9300624132156372,0.0199399253783316,1
3.5267222743131077,1.8364219965673132,1.6903002777457938,0.6204174747610436,0.7227493049335322,0.022486890248995,0.5207163631632972,0.5164656685430233,0.9957493053797262,0.5979305845120485,0.7002624146845371,0.1023318301724886,0.8808000087738037,0.007495599985989,1
12.7078207326369,12.322120103371564,0.3857006292653384,3.08445370679039,4.198024072533914,12.088476357317894,0.9696485623003194,0.0367716465268683,0.0671230842265489,9.004022650527506,7.890452284783981,1.113570365743524,0.0127900838851928,0.0405994040181261,0
3.4876535778546565,7.573934262356007,4.086280684501351,2.7067241857720554,0.4716467317887815,3.7913050087624,0.4604810996563574,0.5395189003436426,0.0,1.0845808229903449,3.3196582769736187,2.2350774539832736,0.0684030652046203,0.0086757551687926,0
2.5475744069326582,3.0751024406914413,0.5275280337587831,0.9098236453503497,0.6391498977274167,0.0364551893247939,0.8284518828451882,0.98744769874477,0.8158995815899581,0.8733684560255557,0.6026947084026227,0.2706737476229329,0.8215742111206055,0.0042888458029169,1
3.4963153391175896,2.0325469555157283,1.4637683836018618,0.6719209316908827,0.8293964218291875,0.0397308561263362,0.5813397129186603,0.5729665071770335,0.9916267942583732,0.6321900755645464,0.7896655657028513,0.1574754901383047,0.7449699640274048,0.0041821953817196,1
10.527832294182431,7.84597928085397,2.681853013328463,1.91019820710712,2.5566405040305296,0.0124737974562875,0.7452606635071091,0.7440758175085881,0.998815154001479,1.8977244096508323,2.544166706574242,0.6464422969234098,0.2646401226520538,0.0124737974559742,1
6.297669718761981,3.9213385546463138,2.3763311641156664,1.1958433790091008,1.6123271992776265,0.0823481096475726,0.6226650062266501,0.6127023661270237,0.9900373599003736,1.1134952693615283,1.5299790896300538,0.4164838202685255,0.3736182749271393,0.0078426523986857,1
4.425761411990003,3.247890785874086,1.1778706261159164,0.9446242227518544,1.146135045068983,0.043732820276581,0.7338603425559947,0.7259552042160737,0.9920948616600792,0.9008914024752732,1.102402224792402,0.2015108223171285,0.5788436532020569,0.0058309880643261,1
7.170224846849058,8.904956664635119,1.7347318177860618,1.610686615137939,2.522345242453349,4.093967089975107,0.8051948051948052,0.6168831168831169,0.4220779220779221,2.483280474837166,1.5716218475217565,0.91165862731541,0.1860162317752838,0.0231297575704808,0
4.851893130860968,4.544969591626548,0.3069235392344201,1.134090335932315,1.4833261014504535,0.3215091029446432,0.9367414881250782,0.8689708016851608,0.9322293135600828,0.8125812329876714,1.1618169985058104,0.349235765518139,0.3756255507469177,0.0073070250669237,0
15.391052404708423,4.447672231558928,10.943380173149496,1.5781239821886903,2.7472317287146764,2.7994876313117385,0.2889777849238106,0.1188973885961532,0.8299196036723426,1.2213636491230475,0.0522559025970612,1.1691077465259865,0.1040583103895187,0.0242379663097975,0
10.396581848241675,4.311084696835924,6.08549715140575,0.6765328359787931,1.9257839367314968,4.527372109347251,0.4146636615538248,-0.0416074082171355,0.5437289302290397,3.8508392733684578,2.601588172615754,1.2492511007527036,0.0505888164043426,0.0073317874933461,0
8.692945883667937,7.975706124289394,0.7172397593785433,1.9059342346249264,3.215912153380417,7.559707063849839,0.9174917491749174,0.0957095709570956,0.1782178217821782,5.653772829224912,4.343794910469422,1.309977918755491,0.0206847190856933,0.0143447951875708,0
6.337807703144487,6.251206459527893,0.0866012436165943,1.6528575332704547,2.2329448147275737,6.294507081336191,0.986335772924504,-0.013664227075496,0.0,4.641649548065736,4.061562266608616,0.580087281457119,0.0034176111221313,0.0108524104505898,0
6.4028523754271225,6.6500213090373625,0.2471689336102383,2.0937326153732125,2.1361411562461217,6.0555251186458126,0.9628318584070796,0.0831858407079647,0.0460176991150443,3.9617925032726,3.9193839623996896,0.0424085408729095,0.0094540119171142,0.0235398984390703,0
4.423938736317983,3.812947932954408,0.6109908033635754,0.9121941909647262,1.1887327436754456,0.0088126269647768,0.8618898588383032,0.8579057950932832,0.99601593625498,0.9033815639999494,1.1799201167106688,0.2765385527107193,0.6123770475387573,0.0117502524893126,1
4.1100754027562365,1.9901354846671029,2.1199399180891323,0.5993351493858466,0.8089352539365278,0.0196653828314507,0.4842089961007793,0.4803812690976533,0.996172272996874,0.5796697665543958,0.789269871105077,0.2096001045506811,0.8393099904060364,0.0117992082580446,0
11.24155975716002,10.72160308867908,0.5199566684809387,3.026650511575367,3.882412281795078,10.200949701279196,0.9537469283877832,0.0548919095474983,0.1011449811597153,7.174299189703829,6.318537419484117,0.8557617702197109,0.0153877735137939,0.0192828612449822,0
3.912422933970403,4.512563836027296,0.6001409020568933,0.910875502065476,1.1569554788020098,0.181771861976501,0.867006667636366,0.9578005604247786,0.8248072280611446,0.729103640088975,0.9751836168255088,0.2460799767365337,0.7070341110229492,0.4904957493171759,0
2.8921720976308425,2.423521775137222,0.4686503224936205,0.6625328061481667,0.8502452095728961,0.1583311622356211,0.8379590471543789,0.7795644903635437,0.9416054432091648,0.5042016439125455,0.6919140473372748,0.1877124034247292,0.9487518072128296,0.0042221642665526,0
8.932124702334107,8.111550112671841,0.8205745896622663,0.968101344168192,1.1343616897740842,8.325495475153279,0.908132206276986,-0.0813691060589718,0.010498687664042,7.357394130985089,7.191133785379193,0.1662603456058923,0.0253137052059173,0.0058609569635196,0
6.5229794661455145,7.380335845842147,0.8573563796966326,1.0581995761936709,0.5374182060633079,6.648931305430846,0.8838323353293414,0.1161676646706586,0.0,5.590731729237175,6.111513099367539,0.5207813701303632,0.0167855024337768,0.022096833525949,0
4.439552070655103,3.1796791857394653,1.2598728849156378,0.502478944188524,1.274146860981767,3.2921173078231223,0.7162162162162161,-0.0585585585585586,0.2252252252252253,2.789638363634598,2.017970446841355,0.771667916793243,0.0667705535888671,0.0049994152425228,0
12.381344739420951,12.720286543881755,0.3389418044608004,3.3798632758919545,3.776789631160825,11.743336636906507,0.9733542319749215,0.1034482758620688,0.0768025078369903,8.363473361014554,7.966547005745684,0.3969263552688704,0.0037206411361694,0.0398755064071528,0
2.420733883218392,3.022984316200028,0.602250432981636,0.597910992099444,0.8024587072033843,1.0891347115934122,0.8007761966364811,0.6507115135834411,0.4514877102199223,0.4912237194939682,0.2866760043900279,0.2045477151039403,0.3224679827690124,0.0039107170972833,0
1.7471081292589783,1.909508406828116,0.1624002775691371,0.495593766019515,0.5830637330527709,0.2465815558491903,0.9149517870733546,0.8629927880595407,0.7779445751328952,0.2490122101703247,0.3364821772035806,0.0874699670332559,0.5797154307365417,0.03608512194882,0
2.688556585705247,2.543335281075913,0.145221304629334,0.8064849394138938,0.6096838227025017,0.0451363514388472,0.9459854014598542,0.9226277372262776,0.9766423357664232,0.7613485879750466,0.5645474712636545,0.1968011167113921,0.7182071208953857,0.0039248939362288,0
2.0772910761638,2.124574437977203,0.0472833618134029,0.6160769284978846,0.4505650787391519,0.0369362697534263,0.9777445492291524,0.9819193753343116,0.9596639245634638,0.5791406587444583,0.4136288089857255,0.1655118497587328,1.0418349504470823,0.065007860232732,0
1.9155135017310447,2.2474436254390096,0.3319301237079648,0.8707670609833416,0.7451931484236085,1.1955050292344134,0.8523076975320676,0.4710502579719018,0.3233579555039695,0.3247379682510718,0.4503118808108049,0.125573912559733,0.3803354501724243,0.0089719601954615,0
2.801149463518509,2.672884126193436,0.1282653373250726,0.8774536068256489,0.6168778709713068,0.0393071195028446,0.9542097488921713,0.9409158050221564,0.9867060561299852,0.8381464873228043,0.5775707514684622,0.2605757358543421,0.5647503733634949,0.0041375915266152,0
1.8000619075131794,2.048223516362459,0.2481616088492797,0.6359519617877224,0.4440512218164521,0.0971784880025984,0.8788405626305853,0.9532846715328468,0.832125234163432,0.538773473785124,0.3468727338138537,0.1919007399712702,0.9427358508110046,0.0029901073231568,0
1.6470601366162223,2.210417323819918,0.5633571872036958,0.7337947301739571,0.4646874362686158,0.3131700706161653,0.7451353727946116,0.8545727136431783,0.5997080864377901,0.4206246595577918,0.1515173656524504,0.2691072939053414,0.727493166923523,0.0033139690012292,0
2.836998711014179,3.4338063666848453,0.5968076556706658,0.7252828553508193,0.3218987799788053,2.9422187918043763,0.8261964735516373,0.1738035264483627,0.0,2.216935936453557,2.6203200118255707,0.4033840753720139,0.0900532007217407,0.0230649233066675,0
